id,x,y
001AAN005121,0.48748565972281666,1.1035869934420683
001AAN005122,0.6680275256961481,1.0142988992754098
001AAN005123,0.6525402427583845,1.0098181412969498
001AAN005124,0.6670705066369985,0.16023249094408093
001AAN005125,0.6523280490563448,0.04867012099798353
001AAN005126,0.48522601476115973,0.09696261780898456
001AAN005127,0.4843930441937532,0.11417197774291844
001AAN005128,0.44909143269834984,-0.10454102436974669
001AAN005129,0.37057119381899584,0.16847702305123516
001AAN005135,0.4406823324339796,0.10713791165160509
001AAN005136,0.8728720554707742,0.33175611154098134
001AAN005137,0.8633367202994888,0.34696973081829685
001AAN005138,0.8692699223002467,0.3146715321261448
001AAN005139,0.828686352796631,0.31236141165175196
001AAN005140,0.8920187205819704,0.33202313799124344
001AAN005141,0.7437090274535679,0.8428832967192226
001AAN005142,0.6528630240022542,1.0532575293899218
001AAN005143,0.710432209427555,0.8423644202213597
001AAN005144,0.746179178670594,0.19498964228836366
001AAN005145,0.6606257390551251,1.0398302560702732
001AAN005146,0.8789492142856492,0.8475986435637664
001AAN005147,0.5002334592250192,1.0930582336796542
001AAN005148,0.6169441565274952,0.9987948951441519
001AAN005149,0.5123785145354408,1.108213367655204
001AAN005150,0.6376415679116906,1.016753140815736
001AAN005151,0.5139750057849394,1.08393597190036
001AE001001,0.7559777267604723,0.5528715016123067
001AE001002,0.7227259968084213,0.9315296966117429
001AE001003,0.8177416542570133,0.9223088604560249
001AF001001,0.6822972992879522,0.7819500592093636
001ALA011001,0.9447085052916642,0.9327980075691883
001ALA011002,0.9541917006638657,0.9205778687566524
001ALA011003,0.9320175914766677,0.9512296717681171
001ALA011004,0.9023438120246584,0.9536802570271186
001ALA011005,0.8826376800141902,0.9590259283502518
001ALA011006,0.9133276728190837,0.9661357897037394
001ALA011007,0.9495337909337069,0.9547964127320714
001ALA011009,0.9086831174460112,0.9799943194034619
001ALA011011,0.9288269533072459,1.018208069716086
001ALA011012,0.906940049378993,1.0410305046082664
001ALA011013,0.9272429700624769,0.9946946274174351
001ALA011014,0.9120843425984544,1.0066736581312419
001ALA011015,0.9028354971059909,1.0229580506098526
001ALA011016,0.8910045679555615,1.002421476031282
001ALA011017,0.8850778795356903,1.0396392846399343
001ALA011018,0.8746315215857324,1.0276481168464395
001ALA011019,0.8697213771033475,1.0117550532682658
001AM001001,0.39904464915635085,0.11931997526718503
001AM002001,0.8109811301745469,0.3705968528279829
001AM002002,0.800010513023115,0.35824047417099913
001AM003,0.4167020573668782,-0.08408302641098117
001AM004,0.8120177279449696,0.31304750950926263
001AM005001,0.496112133341117,0.3273310874468299
001AM005002,0.43067066125266207,0.3211492959563516
001AM006,0.5772384961519047,0.5745391025154545
001AM008,0.419349508008167,0.5227942328815407
001AM010,0.37328137457787536,0.21626293855326056
001AM011,0.5318012508115947,0.25515263094372076
001AM013,0.446801706484136,0.46947412940672406
001AM014001,0.5313169239384379,0.1498815191914349
001AM014002,0.6436451845385932,0.8860501147572414
001AMF016001,0.692084907937765,0.6466594089063306
001AMF016002,0.47719536592609385,0.9751168335741792
001AMF016005,0.7047864792884339,0.630303692656139
001AMF016006,0.4925916456891887,0.2683667663386413
001AMF016008,-0.004647043560548487,0.6414821616355794
001AMF016016,0.6837216406258985,0.6200967928956921
001AMF016025,0.5350160595038603,0.8200663634312668
001AMF016042,0.4973713474740064,0.28446634019129236
001AN01001001,0.7808130914036461,0.8679907691228521
001AN01001002,0.763804208011204,0.865286459180987
001AN01001003,0.8124783812804116,0.8894859586216901
001AN01001004,0.784239463353298,0.8468572530978458
001AN01001006,0.8023920980027871,0.841266394363903
001AN01001007,0.8436487475844784,0.884030600453021
001AN01001008,0.8245179445359714,0.7905132332548724
001AN01001009,0.7995593575341867,0.8753272341721081
001AN01001010,0.8277523963224079,0.8836573445851489
001AN01001011,0.9056188903701162,0.8112586265807362
001AN01001018,0.8863389346536257,0.5072855852716527
001AN01001019,0.9021062546202168,0.5041154822280307
001AN01001020,0.8816467357635817,0.8803031065562553
001AN01001026,0.8897834841732293,0.862820646686912
001AN01001027,0.8194443460869326,0.8450083644909957
001AN01001029,0.8367444303865615,0.7996714107196843
001AN01001030,0.818061339865798,0.7047555155184293
001AN01001031,0.8454502413688568,0.3010953246060211
001AN01002001,0.7408285407733799,0.9384057464605365
001AN01002002,0.7398047379194279,0.967471448246974
001AN01002003,0.7545975931987485,0.9507823441102167
001AN01002004,0.7746204425969752,0.9537065387993588
001AN01002005,0.7747616619070005,0.9710767367074926
001AN01002006,0.7895764217991834,0.9489578634481648
001AN01002007,0.7571729692195228,0.5721156465384095
001AN01002008,0.7691111454505613,0.5849827759098055
001AN01002010,0.7436004262680136,0.26737588262358664
001AN01002011,0.8881644397021038,0.5498760239747955
001AN01002012,0.8983775050258722,0.5625373245770697
001AN01002013,0.8834256558537248,0.7482262230843647
001AN01002014,0.8804710033391869,0.5352282318984909
001AN01002015,0.9114528617177134,0.6941071032493353
001AN01002016,0.7594837680008195,0.9830120173925798
001AN01002018,0.6041248012644392,0.966191312849725
001AN01002019,0.7314739392664544,1.0125964480899938
001AN01002020,0.46111071776498347,1.1116672955164124
001AN01002021,0.4206179373232041,1.0408739894490762
001AN01002022,0.6009740193011908,0.8136716360500751
001AN01002023,0.8965942215786281,0.7099966980808333
001AN01002025,0.5840694082500378,1.0347202938943783
001AN01002026,0.5253244261928395,0.970811883400091
001AN01002027,0.8503561821193852,0.8568940517949649
001AN01002028,0.6211189147821091,0.9620228574009109
001AN01002029,0.2093315381962292,0.8656082518686209
001AN01002030,0.45164660834464954,0.9306685465723156
001AN01002031,0.4630938301744892,0.942094438325907
001AN01002032,0.7727738555013972,0.9987045710048468
001AN01002034,0.4334442042805221,0.8820387075765368
001AN01002035,0.5239468815813674,0.5182509431165913
001AN01002037,0.6675884484104199,0.07833638771757877
001AN01002038,0.6702772685478422,0.06200834292923226
001AN01002039,0.7002829144411233,0.26234705175531037
001AN01002040,0.678749857172893,0.25849173482847354
001AN01002041,0.6803830864311889,0.23693571498839863
001AN01002045,0.8991189003449465,0.4251365112917267
001AN01002047,0.7295168940570693,0.2592549164114215
001AN01002048,0.858293625676342,0.4752289627466309
001AN01002049,0.7964880584428049,0.47719635217414125
001AN01002050,0.807628147452877,0.41801792061315224
001AN01002051,0.8297190528482065,0.4006875263979979
001AN01002052,0.8933464315494558,0.44801002248565813
001AN01002053,0.6790668460928522,0.27585846152714355
001AN01002054,0.9125787032591052,0.4426640351952606
001AN01002055,0.9180164382411651,0.4572126563632167
001AN01002056,0.7634903466332473,0.22381176471487207
001AN01002057,0.871600217424978,0.4433523464301923
001AN01002059,0.8683837687699828,0.4589873336664563
001AN01002060,0.7028892738341349,0.12708927668107603
001AN01002074,0.9283072210200182,0.6933022768592453
001AN01002075,0.9290712611798846,0.672526312020695
001AN01002076,0.9471989416220998,0.6864526080566262
001AN01002077,0.9502852931845401,0.6657901970324455
001AN01002078,0.8698817011437632,0.7070980039302859
001AN02001002,0.7273980994394149,0.12597636699027734
001AN02001004,0.8291346090807726,0.48285649022543065
001AN02001005,0.7350148381512426,0.14123077306196302
001AN02001006,0.8260930214707147,0.463760310629018
001AN16001001,0.7187319664924886,0.6094430908608349
001AN16001002,0.7013438599178824,0.6094654696059428
001AN16001004,0.561466891076859,0.4754746250843898
001AN16001006,0.4160268023522596,-0.13132401807514443
001AN16001007,0.42951539706822833,-0.14093766697517038
001AN16001008,0.5231378990245761,0.0508237607823332
001AN16001009,0.4177395612210175,-0.11565287185031511
001AN16001012,0.6201343464778251,0.4509956556712256
001AN16001013,0.6384075837686386,0.45591841753978335
001AN24001003,0.800938774136467,0.8036770300476245
001AN25001001,0.4094735299165807,0.7209454526623257
001AN25001002,0.5469218000226255,0.13355465548254658
001AN25001003,0.46842700801965725,0.8094379641940354
001AN29001001,0.6198546867008987,0.6390778235442551
001AN29001002,0.5517996804002281,0.5814210296404052
001AN29001003,0.6801724987833752,0.5703917942203717
001AN29001004,0.593928293748963,0.9819722569705415
001AN30001001,0.4399647513652102,0.7473848669434168
001AN31001001,0.5226831312748901,0.9186671189890585
001AN31001002,0.5781065813944027,0.6402447296082229
001AN32001,0.624138944395868,0.2249267028944397
001AS001001,0.9220612004406669,0.7463843540072244
001AS001002,0.9394115510889512,0.5306511696991851
001AS001004,0.9296720861240497,0.5424750632526796
001AZ001,0.4094626413164857,0.003004249701291235
001BA001001,0.9773525667058094,0.8111830284509647
001BA001002,0.9621934058458322,0.8176406528048503
001BA001003,0.9331928511831521,0.6051749719759804
001BA002003,0.960902231428021,0.7435632766228482
001BA002004,0.9530715728602771,0.7581398478958311
001BA003001,0.6812347508073588,0.03977896288495588
001BA003006,1.0109132327157253,0.747713482667594
001BA003007,0.9968803037300963,0.7564598568831367
001BA003008,0.9307803005731751,0.7689710397558319
001BA003009,0.9449907598033055,0.5940416440461094
001BO001001,0.5019864608530636,0.9989532738404594
001CC001024,0.4842169054195762,0.2961113222278116
001CC001027,0.35247119948689365,-0.13129699350970483
001CC001032,0.4407199962346048,0.37646515858161417
001CC002,0.44852323796191995,0.16401429916049218
001CC003001,0.6010103786491466,0.37660480161064996
001CC006002,0.45403058408229596,-0.1360740224925052
001CC007001,0.6309425722678245,0.7543863708168357
001CC007003,0.5144309286440847,0.17748985433970085
001CC007004,0.5656591641395537,-0.0014422538297627564
001CC007005,0.6549705913909973,0.33337335182519884
001CC007007,0.5765248184754165,-0.014679661169021524
001CC007014,0.4609071634400115,0.37269684044970375
001CC007015,0.6288386032735678,0.37429617563374323
001CC007016,0.6179057605494803,0.3304712150008671
001CC007019,0.44640948236285555,0.12354184266862361
001CC007020,0.5610364260100696,0.4296023308746444
001CC007022,0.6293771262870446,0.8281456802819834
001CC007025,0.45642673166057596,1.1288251620592245
001CC008005,0.42057287411394667,0.0872276781303651
001CC008007,0.5884787574664108,0.21817690886423596
001CC011,0.6481069851216411,0.3189431801146578
001CC013,0.41607674311859855,-0.09924954733652668
001CC015001,0.3745362783531999,-0.08253798129838211
001CC015002,0.6076539006319653,0.592510692880217
001CC015003,0.3314326989834379,0.4098327470517464
001CC015005,0.4942062075111528,0.02534052988143267
001CC016001,0.39773963284164693,-0.0710426445890649
001CC016002,0.5144510827048143,0.08930630571114016
001CC016003,0.3340240675594995,0.3930067554119758
001CC017001,0.7562784632685297,0.2973041108576155
001CC017002,0.7595179466289077,0.31359855032274603
001CC018,0.38290712299979585,0.28272834071737846
001CC019001,0.6552112627957484,0.5962950823117626
001CC019002,0.6434869467154916,0.36162927320350596
001CC019005,0.6971027094575082,0.3013135450599896
001CC019007,0.6451078312304428,0.2519003197513068
001CC019008,0.6308702508042419,0.288471933788588
001CC019010,0.6529887196013158,0.2962061386771423
001CC019011,0.6783737214260226,0.20572250635525902
001CC019012,0.5630466387355004,-0.05176530478983207
001CC019013,0.5455650104945604,-0.010551841998524372
001CC019014,0.4915713887017378,-0.11985539674195651
001CC020001,0.5035526649275053,0.14780270086442313
001CC020002,0.5112700855555645,0.13281030945478475
001CC021,0.6312116506447483,0.8515881721141642
001CC023002,0.5507919239171488,0.4438068616886306
001CC023003,0.5711941350318036,0.5244266462667659
001CC025,0.7954852355442592,0.6134303076054888
001CC031,0.9062202507151486,0.6691605874365745
001CC032,0.5384775909372348,0.46658590971969743
001CC045,0.5926356345597523,0.6955826427983932
001CC047,-0.08423201924086866,0.6564389927127805
001CE001,0.941179069872953,0.4030395417335564
001CO001002,0.7229883796376085,0.03147268793578318
001CO001003,0.7060363592339877,0.03709767119403768
001CO001004,1.0403710132461008,0.5909018883652862
001CO001005,0.7103984233171787,0.17000858537942368
001CO001007,1.0380608676645962,0.6112247699646112
001FE001,0.7684751835316326,0.33876498364797186
001FM001001,0.4317985453635842,0.7616889648504646
001FM001002,0.25660292401785917,0.9588923787600052
001FM001003,0.44840361187797284,0.48811347659525617
001GU001001,0.7581710566193776,0.7974931632548019
001GU001002,0.6934143484306062,0.8822281855903772
001GU001003,0.7651801822041256,0.754483107379772
001GU001005,0.7072266572677901,0.7006330041166497
001GU001006,0.7036366907527785,0.7158692875325513
001GU001007,0.7321463805458286,0.7522582434639374
001GU001008,0.7673139182426092,0.7063734035780813
001GU001009,0.7481627483649901,0.7573911335922224
001GU001010,0.7477638078937014,0.6873687158333597
001GU001011,0.7748122579361387,0.7985488922340241
001GU001012,0.7449202422173496,0.7155474987187013
001GU001013,0.7427904417623957,0.7874821373264104
001GU001014,0.7536204574385977,0.7309867117068586
001GU001015,0.7033138063056353,0.5676648195390137
001GU001016,0.7890261138369421,0.7321097559356141
001GU001017,0.7187347792855622,0.679843577379709
001GU001018,0.7784143652952037,0.7459961853671936
001GU001019,0.7462788656188943,0.6545573152945244
001GU001020,0.7901531811254964,0.7712403288460618
001GU001021,0.747735017178019,0.6286028550617979
001GU001022,0.7235632114248606,0.6565304769887795
001GU001023,0.7859694692079403,0.677228622437837
001GU001024,0.772033377505935,0.6388455119925818
001GU001025,0.7477407570686468,0.6705291982776217
001GU001026,0.7788641589578269,0.6563656603485126
001GU001027,0.4678263564447688,1.0416547361507873
001GU001028,0.6967890680525983,0.33659620575885807
001GU001029,0.7230755743659039,0.7953334108985064
001GU001030,0.708523255191421,0.8051228643858808
001GU001031,0.6692574768588441,0.41054929247345073
001GU001032,0.7314598180466912,0.8198593332382984
001GU001033,0.6923342315509444,0.11657225420529893
001GU001034,0.7133329567840864,0.7736442451036358
001GU001035,0.7603894356061229,0.774946234078339
001GU001036,0.760198260356167,0.8258100405613159
001GU010001,0.4240734970247399,0.3917356137880006
001GU010002,0.7015225795670013,0.38939058768022594
001LN001001,0.6903551648721754,0.6828838430255784
001MC001001,0.49762983764951524,0.9807940138883738
001MF002008,0.7385692492934317,0.8869548187217996
001MF003001,0.7383955389373432,0.9032431241699543
001MF003002,0.6965310454354753,0.1799715543850854
001MF003007,0.8531747607269877,0.903717841009447
001MF003008,0.9547373782826666,0.7101197736924191
001MF007001,0.9948359828370519,0.6367265331983164
001MF007002,1.0075291276575535,0.7040960943700356
001MF007003,0.9896102105384199,0.6894200777198
001MF007004,0.7067098360930264,0.06758639701879372
001MF007005,0.7201829611346006,0.08262707153433475
001MF007007,1.023220262356126,0.7006782640961564
001MF007008,1.0295983439775906,0.6651389682826369
001MF007010,1.023888701295656,0.647838656496281
001MF007011,0.9898204890883789,0.6716851017579211
001MF009,0.5118484126595013,0.544748110346764
001MF012001,0.6573826393702914,0.7274778793342559
001MF012002,0.8105619913456615,0.7436825149531724
001MF012003,0.6511623094167346,0.7447183484066044
001MF014001,0.2495140317198118,1.15065424609767
001MF014002,0.5947847398850626,0.9495274427451842
001MF014003,0.5758291974152308,0.8620505257222242
001MF014004,0.5704360293879664,1.025214289055446
001MF015003,0.5638128208651542,0.8835430332305072
001MF015004,0.2125396194252035,0.9994406733872087
001MF015014,0.6463738303628483,0.7144205744155848
001MF015019,0.6800282903905747,0.36996852858702733
001MF017,0.4443292065845771,0.8363353458417632
001MF018001,0.7139772912331575,0.4008101643557387
001MF018002,0.729798940926423,0.4003684559852924
001MF018003,0.44175641941039345,0.3358776685618716
001MF018005,0.4686916041111992,0.32754129290196926
001MF020,0.8418105802335053,0.6753951472215061
001MF029014,0.7781291364190379,0.6204677052673226
001NV001001,0.8514508237513821,0.35885453842450354
001NV001002,0.38416207143449366,-0.03139472426077531
001RJ001001,0.5318264377076412,0.8466433244814365
001RJ002,0.6874330952107403,0.9204481676692832
001RJ003,0.5644278874614281,0.8407589576001856
001RJ004003,0.7191774677277654,0.556961608809605
001RJ005003,0.5234990993514793,0.8998461818704101
001RJ005004,0.5683549763257306,1.1211188920300759
001RJ005005,0.493043594207264,0.48031476435114673
001RJ005006,0.8057352185276171,0.22337151409550593
001RJ007001,0.3346256770833524,0.35772741573934297
001RJ007002,0.6071278526084055,0.3579419236073209
001RJ007003,0.4033681327798419,0.21689308852645747
001RJ008001,0.9064129777879264,0.3560441460119753
001RO001002,0.9690722837805834,0.41866124024192847
001RO001003,0.8757905191773688,0.24740582110456039
001RO001004,0.8561830514136365,0.24796011159522308
001RO001006,0.663190024743644,0.00821886134029929
001RO001007,0.6658663834051005,-0.011462385267916235
001RO001008,0.7027867375856274,0.017134111919905107
001RO001009,0.6968982436569651,-0.039325545041923475
001RO001010,0.7230376039430109,-0.01338148989629101
001RO001011,0.6337398951572712,-0.06272147149225385
001RO001013,0.8135713505896642,0.44094309432873346
001RO001014,0.7825919719697343,0.40158885873915107
001RO001015,0.7926852262854591,0.41422196597315925
001RO001025,1.016205148237577,0.5028830556586925
001RO002001,1.0091146454988769,0.593625677548469
001RO002002,0.9980974657075767,0.5811442556367572
001RO002003,0.6507007776130486,0.6235862965578853
001RO002004,1.0107066289958337,0.4824281202696952
001RO002005,0.9746630487310802,0.5956779137375601
001RO002006,0.9913786613079132,0.5317172338200403
001RO002007,0.9421399316117572,0.4926044814282333
001RO002008,0.9905000677539239,0.510195880130072
001RO002009,0.991525138251047,0.47960950617765535
001RO002010,1.0102209012011056,0.5637986587114129
001RO002011,1.0050347352117612,0.5462851664259969
001RO002012,1.0416947891083552,0.5489038560136424
001RO002013,1.0286958618852038,0.5564841138048641
001RO002014,0.9503179548036551,0.5194456392816718
001RO002016,0.9475120180442193,0.4391683462663212
001RO002017,0.9627372022259546,0.5647224825500986
001RO002018,0.964377540024769,0.4453390417801983
001RO002019,0.6554931742612065,-0.027985711691661863
001RO002020,0.67241902407315,-0.056069077707629714
001RO002021,0.7612965159545205,0.11243271709697114
001RO002022,0.7429299712768579,-0.0013573598407519588
001RO002023,0.6788145814158336,-0.03697777950219219
001RO002024,0.7362300667834369,-0.024581669290343066
001RO002025,0.9717554011794703,0.49878815284107486
001RO002026,0.6406971569623402,-0.03266530720048782
001RO002027,0.6861197455548362,-0.009734846997646512
001RO002029,0.9556720037989894,0.47320072153921133
001RO002032,0.8500527342364288,0.22911874074490118
001RO002033,0.9763357202161164,0.47516976427263063
001RO002034,0.718814937391662,0.2197025627142018
001RO002037,0.9755195626380272,0.5741795595888675
001RO002039,0.9334634271605574,0.6212945752970795
001RR002,0.5992796529392003,0.08728398114005242
001RR004001,0.5029064988713134,0.8392050265120763
001RR004002,0.448004402642666,0.2677128894325548
001RR004003,0.5774007883163138,0.05630921418254777
001RR004004,0.6219628115512631,0.39965007368067784
001RR004007,0.5752784930932746,0.03219661405626072
001RR005,0.5947218697911829,0.02761563784186244
001RR006001,0.5430754226416311,0.024132586830242025
001RR006002,0.4232735270661117,0.2709544799639774
001RR006003,0.41666845370807826,0.2554200955761406
001RR006004,0.4358054322250217,0.23485515996146986
001RR006006,0.6269773067511244,0.8783004057971335
001RR006007,0.423723801593734,0.30529588722660167
001RR006008,0.4369139806753949,0.2883897234640411
001RR006009,0.5199382734109279,0.11107873434584739
001RR006010,0.3772984890130244,0.12552932769661035
001RR007001,0.5816960495533,0.07677772459214527
001RR007002,0.6054057346096183,0.006172789683765508
001RR008,0.501838191278507,0.5127598323559901
001SW001001,0.8152151891984202,0.9380605159322772
001SW001003,0.8285797174491699,0.9485573019783758
001TP001,0.6034580409772862,0.8836668464935563
002003AM001,0.7266969231561345,0.435080491047033
002003AM002,0.49792136420413274,0.0650111153350676
002003AM003,0.6501961093735135,0.9195801617050523
002003AM004,0.6743776694208592,0.3333778596281576
002008CP001,0.5464677395893588,0.9954423546220886
002008CP005,0.6674317897142703,0.9583887185508222
002008CP009,0.5363098373644393,0.9843753770019543
002008OBAC001,0.4695531304897104,0.34424214034108636
002008OBAC002,0.5056409725426844,0.3692920532464639
002008OBAC003,0.5371465528064514,-0.053957406638199375
002008OBAC005,0.6094578794117843,0.4887631376125232
002008OBAC007,0.6302818914307559,0.5168134489473395
002008OBAC008,0.5906471949519548,0.46783893543542315
002008OBAC009,0.6042044112500046,0.5161942347183268
002008OBAC010,0.6001842950120267,0.47878966873992646
002008OBAC011,0.6408646735766316,0.502444011461022
002008OBAC014,0.4909885360613411,0.35737545510587343
002008OBAC015,0.6182097153442151,0.5011694666267679
002008OBAC016,0.7384349288852079,0.33602690900137105
002008OBAC017,0.5544345914517219,-0.10977756762259222
002008OBAC020,0.7488401886894119,0.3642261800438277
002008OBAC021,0.7471824699147677,0.40003619812721103
002008OBAC022,0.4741954089420324,0.13940524509340282
002008OBAC023,0.624885449209251,0.5386036956872682
002008OBAC024,0.7522753942571254,0.34832010860473206
002008OBAC025,0.6486505258756767,0.4864993011045385
002008OBAC026,0.5560894769094347,0.0605478969376095
002008OBAC027,0.5639744389476814,0.09969791201653516
002008OBAC029,0.7816820743301447,-0.08924619615622029
002008OBAC031,0.7647615329986328,-0.09137218044377751
002008OBAC032,0.6369391593464021,0.5934897079516603
002008OBAC035,0.5572222079200569,0.07944742790576234
002008OBAC036,0.5382664745176532,0.05766606038302923
002008OBAC037,0.5416218509241952,0.09006740091293151
002008OBAC038,0.6210045346623679,0.24353516195743602
002010TM003,0.6991822272849636,0.48827141805014396
002010TM007,0.5473828621817652,0.5000539917113416
002010TM014,0.5879857215151147,0.4397951738548885
002010TM015,0.4925991628068469,0.7307334259126239
002010TM016,0.6812009510746697,0.8372611713004693
002010TM026,0.6552647602415187,0.783425214722313
002010TM027,0.5622624537515001,0.6559036208233686
002010TM028,0.6733232838653224,0.46068680372571347
002010TM030,0.5488723504159242,0.5305014968327243
002010TM031,0.7731670792808246,0.062288492176829656
002010TM032,0.7601988161889588,0.06853835042282314
002010TM033,0.7608732110716401,0.1340159505276315
002010TM035,0.7733698616372601,0.032249565661507995
002010TM036,0.5669334499835073,0.6846379087213876
002010TM037,0.2961367546516938,0.8587457920694701
002010TM038,0.5846177944100465,0.41029326845921354
002012AM001,0.5790549341163819,0.6144809225080313
002012AM002,0.4061307636941048,0.6377186182609924
002012AM003,0.5584580968306909,0.35285044925475845
002012AM004,0.5876184619780854,0.17283983873958353
002012AM005,0.4093089662720341,0.10775670079388736
002012LP001,0.3502795577658899,0.4303804601876493
002014RJRJ003,0.5972390661482134,0.8507268764851931
002014RJRJ004,0.4456418351063546,0.8749947283164057
002014RJRJ005,0.8744435458334087,0.4002269817131097
002014RJRJ006,0.6611218208004018,0.8621275889658476
002014RJRJ007,0.7593597563392048,0.9071306809763748
002014RJRJ008,0.6844654563937966,0.5298466077201124
002014RJRJ009,0.6688509170903524,0.9023704249291756
002014RJRJ010,0.5943704052352502,0.39178135069716996
002014RJRJ011,0.6954538844087458,0.5489531176561641
002014RJRJ012,0.8609016930476605,0.41995285457757675
002014RJRJ013,0.5856383791923864,1.129258789282563
002014RJRJ015,0.6064261519751805,0.26738442288656555
002014RJRJ016,0.9061907107229424,0.40949929319647266
002016BI002,0.33765702310331636,0.42319138929315464
002016BI003,0.3338045569987721,0.4487992993838595
002016BI004,0.36293365277464024,0.4395254880697712
002016BI005,0.5328397893347833,0.8641421056323768
002016BI006,0.38679154751381506,0.5446942117816297
002016BI008,0.371185552903621,0.5480456146592512
002029FPF004001,0.7391412037376809,0.5920421204724023
002037AAK5003,0.8160302706934619,0.5787008044594508
002037AAK5004,0.7913759475319213,0.5345229113685063
002037AAK5005,0.8995788930655743,0.6356730365375269
002037AAK5006,0.8558064908424771,0.7631422932757952
002037AAK5007,0.822641812126141,0.5544960016700521
002037AAK5008,0.861089184833856,0.78434638167151
002037AAK5009,0.5186757952602254,-0.0981985216850869
002037AAK5010,0.4993031891929007,-0.13327355896120077
002037AAK5011,0.9072231678702539,0.39083344219816357
002037AAK5012,0.7630901347620301,0.18380851179768662
002037AAK5013,0.790641237106754,0.5677275814014594
002037AAK5014,0.8181790111722577,0.4952251216974589
002037AAK5015,0.8540084712833513,0.5897813941138511
002037AAK5016,0.8436140951108008,0.5761691236891416
002037AAK5017,0.854062667210789,0.6269174005703955
002037AAK5018,0.8391498940259581,0.617209442722855
002037AAK5019,0.839339833717618,0.6515245730551394
002037AAK5020,0.8196768987622606,0.6290402337203412
002037AAK5023,0.827035078046265,0.5095262970594869
002037AAK5024,0.8354603658619703,0.5222323907712834
002037AAK5025,0.8710029607422152,0.6812313678334082
002037AAK5026,0.7157207274161512,0.7339028096471858
002037AAK5027,0.8882976675845892,0.8059400232585172
002037AAK5028,0.6982993823223895,0.7446847806296045
002037AAK5029,0.5899292020428393,1.094049080488356
002037AAK5030,0.8859738972189387,0.7775741344245376
002037AAK5031,0.9076362543926707,0.8342878383863132
002037AAK5032,0.9334388726696292,0.8100582223232338
002037AAK5034,0.9126120286711333,0.795410443405975
002037AAK5038,0.7875722817305328,0.7078084078716262
002037AAK5039,1.0366725615065706,0.8000285645572603
002037AAK5040,1.0519214288488827,0.8000152947852905
002037AAK5041,0.8566916080387673,0.8346990611922146
002037AAK5042,0.8832772034013626,0.8316962313474211
002037AAK5043,0.8539066853791806,0.8069008256434137
002037AAK5044,0.8704958461386169,0.8085845488034562
002037AAK5060,0.9185895256147613,0.7794317420054739
002037AAK5065,0.8657829600153998,0.6043916916199599
002037AAK5066,0.879030217499126,0.632027275553438
002037AAK5068,0.8654135593221246,0.6664154712868677
002037AAK5069,0.8699471375514373,0.6483142359795432
002037AAK5071,0.8839871694491822,0.615265411974946
002037AAK5073,0.8374716584011557,0.8269066227098759
002037AAK5077,0.7935060381133002,0.5178362112330632
002037AAK5081,0.8410229257234235,0.5581338711330217
002051AM001001,0.31033373804699754,0.40918236966904137
002051AM001002,0.37157576107561924,0.3993851411793585
002051AM001003,0.44682795912153245,0.19971802121446566
002051AM001004,0.4296107562675871,0.20447540566924408
002051AM001005,0.3994415354501759,0.2726415141762442
002051AM001006,0.5588050291589484,0.1615779292205369
002051AM001007,0.3805658972002352,0.32663298758079323
002051AM002001,0.5485303202592126,0.8761023533391926
002051AM002002,0.6236596839847286,0.6233419175776387
002051AM002003,0.6608061744049156,0.5716885803892576
002051AM002004,0.5155092183571037,0.3981979723877425
002051AM002005,0.37080592134533247,0.9730967795791949
002051AM002006,0.6053205974580737,-0.012089113176736261
002051AM002007,0.363805710377244,0.07279937580832438
002051AM002008,0.5770044579454788,-0.044477381040912485
002051AN009,0.7084467560941115,0.9483760421603692
002051AN010,0.6116358748965588,0.911493803780635
002054VIAN001,0.8510842837429826,0.7233773593464631
002054VIAN003,0.6101372830238893,0.7865584634573284
002054VIAN004,0.5954714710890058,0.7898953657898494
002054VIAN005,0.6630399080915177,0.11461910266350873
002054VIAN006,0.7504684671126786,0.4800995730367217
002054VIAN007,0.7423304261168846,0.46325267284507565
002054VIAN008,0.7277128943122512,0.5168010807676978
002054VIAN009,0.7387518136541272,0.5074547682058533
002054VIAN010,0.7023043584591099,0.44743837313746
002054VIAN011,0.6989880190881408,0.4661470568700714
002054VIAN012,0.7632201596533461,0.46628762809564706
002054VIAN014,0.7462561736410137,0.49472670475667935
002054VIAN015,0.9594786412990007,0.3682125558572241
002054VIAN016,0.672241950628743,0.8512641758874342
002054VIAN018,0.7083243613721406,0.4258114004238496
002054VIAN021,0.7309591331146229,0.871213581731521
002054VIAN023,0.8302468129218166,0.7505352507131581
002054VIAN024,0.8412917457610014,0.7353220420803902
002054VIAN028,0.5753186375277022,0.7985294465313303
002054VIAN030,0.9004403831028601,0.7446456568940665
002054VIAN031,0.5723232627663519,0.7656645103851608
002054VIAN039,0.9236358538731013,0.8689407307052556
002054VIAN040,0.9349190728720652,0.8778147136113982
002054VIAN041,0.627492121850366,0.7954813282106522
002057TP001,0.5839309585710127,1.1099066821401113
002057TP002,0.5483381485900075,0.9306645354282818
002057TP004,0.6810537180342663,0.734788956625363
002057TP005,0.49151394379499275,0.4637207953925308
002057TP006,0.8273269142696247,0.27249977590256863
002057TP007,0.25144492127068085,0.01406237577333818
002057TP008,0.7031492001058337,0.9879569338652434
002058aFR006,0.5464599954655082,0.5595366298784297
002058aFR007,0.332227074370616,0.7821022626126052
002058aFR009,0.16583422208720244,0.6853709174380419
002058aFR015,0.5103303088148224,0.9369137568181289
002058aFR016,0.3425818946968083,0.796812227526761
002058aFR017,0.33180952460527396,0.764406021615359
002080BR0202,1.007269581207017,0.21687731494083104
002080BR0203,1.011926307367298,0.2627647288572393
002080BR0206,0.8813624376883838,0.11363998563492718
002080BR0207,0.9408115183347914,0.1280840875962683
002080BR0211,0.979363065074723,0.297976740532622
002080BR0212,0.9755307282608532,-0.00784677373626029
002080BR0213,1.0468701848696946,0.27160432404360246
002080BR0214,0.9527232648052258,0.11892591699194693
002080BR0215,1.1534720717549223,0.33028622363516275
002080BR0218,1.0077505117672432,0.3330217973803849
002080RJ1212,1.0818966749664565,0.07252909301237283
002080RJ1213,0.9410380044671551,0.07636447596075512
002080RJ1215,0.9040624939617702,0.11132928231041543
002080RJ1216,1.0351999426108562,0.1518460161505752
002080RJ1217,1.0567275556807725,0.14608423888095384
002080RJ1218,0.927032095297404,0.08524670866243424
002080RJ1219,1.0553078028371057,0.13058952280789352
002080RJ1503,0.8657411808124112,0.09754134194532225
002080RJ1504,0.9699193246213814,0.28053847408591126
002080RJ1505,0.9896173197863499,0.028035227958698276
002080RJ1506,1.005066548743504,0.041291395583783946
002080RJ1512,0.9092106107146032,0.17485202688991794
002080RJ1514,0.9195150387466423,0.1612528195033618
002080RJ1702,0.8485684360403498,0.19166092667594906
002080RJ1708,1.0782810860031804,0.19492584727187778
002080RJ1709,0.9726422366692333,0.06970644997476198
002080RJ1711,0.8841336350039938,0.13594953611576577
002080RJ1712,1.0648120665786254,0.24640216253106711
002080RJ1713,1.0796982933040649,0.24936115343830273
002080RJ1816,1.016588797138181,0.3198583052012385
002080RJ1902,0.9179919520015238,0.22406562667715893
002080RJ1907,1.0359179382166788,0.24188751848981305
002080RJ1909,0.9170993583686023,0.30108534409462084
002080RJ1910,0.9623819817302042,0.21896093696219512
002080RJ1913,1.0083099353064493,0.0159407342207211
002080RJ1914,1.0550296172384641,0.360356997568051
002080RJ1918,1.0584085238970653,0.04971833777117728
002080RJ1919,0.9718100332823519,0.2376787696884742
002080RJ2201,1.1015982934060853,0.23222692131434358
002080RJ2202,1.144902678822369,0.3195272874094555
002080RJ2203,1.1367918937709374,0.30823502750368287
002080RJ2205,1.0706555700970164,0.3028762248149607
002080RJ2208,0.9963673989876662,0.08616205026278934
002080RJ2209,0.9459274458976594,0.3467838907423406
002080RJ2214,1.0423886025638505,0.3148575961826794
002080RJ2401,0.9328357084302925,0.1935226107868021
002080RJ2411,1.0199379540768443,0.28143163316127734
002080RJ2413,0.9800571516625233,0.21498749039257736
002080RJ2510,1.005806217648929,0.18310662268143352
002080RJ2512,1.0722381046479725,0.34976530273953615
002080RJ2519,0.4305909250609774,1.1442100946684752
002080RJ2520,1.0124842769969369,0.11719768417123952
002080RJ2702,1.0437583270775792,0.17096541831659268
002080RJ2703,0.9770775874608809,0.18571159508040458
002080RJ2711,1.0534237456702835,0.23273157942932227
002080RJ2712,1.0641706924832277,0.17269210339805402
002080RJ2713,0.8816421422404522,0.2987986163802373
002080RJ2714,1.041998949796094,0.1877581978682914
002080RJ2717,1.033988546720672,0.044713438858865896
002080RJ2718,1.0747771690192731,0.2179316998962217
002080RJ2719,0.821428098051317,0.09310942417837591
002080RJ2804,0.9912279400437761,0.14448566212459685
002080RJ2805,0.9918690070749289,0.12561183525805383
002080RJ2807,0.9761784333667894,0.15297672768903814
002080RJ2808,1.0031838763000838,0.06557788142832409
002080RJ2809,1.0339004124362061,0.08027689773990025
002080RJ2810,1.034891587172438,0.11992727781625753
002080RJ2813,1.08139582243633,0.16075937742376487
002080RJ2815,1.0672603621097279,0.11495604924187312
002080RJ2816,1.0198670437870179,0.057671125684752494
002080RJ2902,1.049868838777626,0.2123226054795955
002080RJ2904,1.0248409652609116,0.21884412048170396
002080RJ2907,1.0128651476357313,0.16418756517592772
002080RJ2913,0.9597792268658168,0.19180676639320576
002080RJ2916,0.6181761845283302,0.057499239375583655
002080RJ2918,1.0931106836264837,0.2610842377625936
002080RJ3204,1.086052242701351,0.3072178765467579
002080RJ3215,1.0361610142248163,0.10237191727845737
002080RJ3217,1.0280838100915037,0.20136369706440893
002080RJ3501,1.0508172794993516,0.07581735183420589
002080RJ3503,1.0186397270688665,0.0911651233715474
002080RJ3504,0.7461406572804941,0.07527471604673112
002080RJ3505,0.929946322928403,0.005895150622758967
002080RJ3512,0.8879010333403109,0.1578220662208988
002080RJ3517,0.9957665435481632,0.24060003075602004
002080RJ3602,0.9594322182041093,0.046911700050189215
002080RJ3605,0.9474692614912152,0.06331399388433243
002080RJ3606,0.9495439145689741,0.02015956654868426
002080RJ3607,1.0338307808133447,0.01609935109216151
002080RJ3608,0.9418146720660666,0.038285377047370665
002080RJ3801,0.8597980477326872,0.08051072633909773
002080RJ3804,0.9072307402975271,0.03874017008087586
002080RJ3818,0.9442503912908684,0.22149644370048047
002080RJ3819,0.9059904501546826,0.06282939794303585
002080RJ3902,0.8897627200325818,0.21884284505659002
002080RJ3903,0.8837170603690693,0.23220097730037967
002080RJ3912,1.0637310496284154,0.28183789787969604
002080RJ3913,1.1000852124206892,0.20898899858940434
002080RJ4201,0.8409373165195799,0.1761210068048164
002080RJ4202,0.9488734479090969,0.16762380871516425
002080RJ4203,0.9344172530106918,0.15801185427126832
002080RJ4208,0.9947621361449884,0.2760956174860876
002080RJ4210,1.0165571287825252,0.1417279951656891
002080RJ4215,0.9801953699796179,0.04720889741922963
002080RJ4216,0.9741705104192305,0.014439069636073686
002080RJ4218,0.9676879582015193,0.25439106216290874
002080RJ4219,0.9826655165197153,0.10575031875760224
002080RJ4220,1.0701480663175424,0.09124818092320025
002080RJ4619,0.9589437781776291,0.10358052055474606
002080RJ4701,1.054090194144933,0.3431337824407555
002080RJ4702,0.9123877094876839,0.13705467554188908
002080RJ4703,0.6351545191404883,0.016099086460908605
002080RJ4704,0.9399542379779393,0.27383061288327765
002080RJ4706,0.8163009921633085,0.0671680151707322
002080RJ4707,0.8080701445119839,0.10144269797451996
002080RJ4708,1.0470123411844583,0.3724621610497477
002080RJ4709,0.8019375677231361,0.11602982311740104
002080RJ4714,0.9489815057451706,0.26228138925138683
002080RJ4715,0.784881692637794,0.13519329765442598
002080RJ4716,0.8298772801602234,0.12481617070518888
0071824cx001-01,0.18825167277576538,1.0435393249782805
0071824cx001-02,0.3451525178627132,1.0531626735413309
0071824cx001-04,0.1932579894160596,0.16898788096545156
0071824cx001-05,0.17620387110998262,0.9054956059002105
0071824cx001-06,0.1341838227349503,0.09432803501486135
0071824cx001-07,0.1483187144404961,0.48847229100689277
0071824cx001-08,0.37683716495297254,1.099478386491573
0071824cx001-09,0.3791963545158476,1.0834520906876903
0071824cx001-10,0.3180219832307955,1.1397146360165675
0071824cx001-11,0.3537533163334448,1.1096297969025128
0071824cx001-12,0.39099111717907975,1.0752714815480837
0071824cx001-13,0.14270848794806046,0.5989030302492664
0071824cx001-14,0.3290580728057975,1.1267076043066697
0071824cx001-15,0.3633432643122172,1.0700769207183287
0071824cx003a-04,0.14625713737465826,0.12575026144204846
0071824cx003a-05,0.16300317387447602,0.1026560156445049
0071824cx003a-06,0.19268365508614557,0.07997802256869865
0071824cx003a-09,0.17320411296665636,0.04628094441470703
0071824cx004-01,-0.08179049416582208,0.6764806518899318
0071824cx004-02,-0.09350952550279049,0.7146043683119838
0071824cx004-05,0.28400006979336034,0.8368201938129423
0071824cx006-01,0.0691571493346628,0.15815889111450696
0071824cx006-02,0.16222645833661162,0.2418224669375302
0071824cx006-03,-0.006987394256427349,0.2662902329878417
0071824cx006-04,0.10498458444459317,0.3201766627883821
0071824cx006-12,-0.008050714712528278,0.8769133578829233
0071824cx006-13,0.33499098354891793,-0.1285453376535806
0071824cx006-15,0.1637481839940425,1.128542444779124
0071824cx006-16,0.3519597234881322,0.6956400655289047
0071824cx007-01,0.21178852732237125,0.44756690039601715
0071824cx007-02,0.332044982297734,0.1813511341220261
0071824cx007-03,0.252735025190642,0.5271396098220804
0071824cx007-04,0.35906542729523083,0.8830217511877243
0071824cx010-10,-0.008874427423415173,0.2805021057915545
0071824cx011-02,0.21530513045351574,0.17350814776104664
0071824cx011-03,0.018930346012127806,0.36592046639346576
0071824cx011-04,0.03346817589035651,0.3726819910131088
0071824cx011-05,0.0004293510598891339,0.4057619751721421
0071824cx011-06,0.2002879541759137,0.14925633864187549
0071824cx015a-01,0.3735230799922539,0.0030257461213245634
0071824cx015a-02,-0.11620055672768857,0.8625037111362991
0071824cx015a-10,0.31309055700492266,1.0204732404339587
0071824cx016-04,0.06457105530023662,1.0017954296485896
0071824cx016-07,0.35500805814028924,0.656257856542101
0071824cx016-08,0.358399142839843,0.5838461936858282
0071824cx016-10,0.29272491794808875,0.6989160771118879
0071824cx016-11,0.19810119494504183,0.3492141141645261
0071824cx016-12,0.2582201595019708,0.7099823288102834
0071824cx017a-02,0.22081725007037611,1.130634082918401
0071824cx017a-04,0.2405805531354722,1.076294097177652
0071824cx017a-05,0.24039619021920317,1.1371759176812581
0071824cx017a-06,0.2079623093551006,0.5270873138340247
0071824cx017a-07,0.17508894203513362,0.6325269823986185
0071824cx017a-08,0.27492989431475173,0.46250438021323886
0071824cx017a-09,0.4021575506807233,0.8971081040045125
0071824cx017a-10,0.3611902587138816,0.9101150707650937
0071824cx017a-11,0.41236361837409885,0.9136771795601848
0071824cx017a-12,0.40534311486602137,0.9295888579475922
0071824cx019-01,0.3062420902003881,0.035053653939285216
0071824cx019-02,0.21119256733912264,0.10535786858076082
0071824cx019-03,0.25691030185282604,0.06469040751258633
0071824cx019-04,0.2599315549566491,0.2821214211303613
0071824cx019-05,0.2927659132451299,0.15014113956744207
0071824cx019-06,0.2753456991501416,0.15670846928321971
0071824cx019-07,0.27836167454975136,0.13711744270331033
0071824cx019-08,0.24234692949129769,0.056450398499906504
0071824cx019-09,0.036808195616875324,0.6206216846371281
0071824cx019-10,0.27615859704152346,0.006101492311724444
0071824cx019-11,0.29175508037877745,0.04632278592320221
0071824cx019-12,0.05156945913133959,0.6256093706610961
0071824cx019-13,0.14199872749320683,0.6954729980114968
0071824cx020-01,0.03445489978048777,0.9023183255783749
0071824cx020-02,0.0878593258940819,0.5383296695353076
0071824cx020-03,0.08766570976672582,0.8869705827947111
0071824cx020-04,0.06509501025017439,0.917059800640532
0071824cx020-08,0.045456254553135275,0.916191061314222
0071824cx020-09,0.021996370250552608,0.9648406461174517
0071824cx020-11,0.06705992186869315,0.56446364264089
0071824cx020-12,0.18969407725441245,0.4883750231052859
0071824cx021-01,0.17306588287439964,0.1631112038434209
0071824cx021-02,0.08350157519537506,0.7766133171909327
0071824cx021-03,0.16910654225284313,0.18525073557775967
0071824cx021-04,0.18850892698415758,0.9176026889768593
0071824cx021-05,0.20756330264355435,0.896936926663008
0071824cx021-06,-0.04428535414332199,0.7987936141692703
0071824cx021-07,0.16297231254193567,0.4614535291126595
0071824cx021-08,0.1849942650782317,0.21622037964136992
0071824cx021-09,-0.03180346075037402,0.4891531989732709
0071824cx021-10,0.1914713497296961,-0.029321230223313646
0071824cx021-11,0.21103123423654854,0.21760309011740664
0071824cx021-12,-0.029460949811815865,0.5033437590499209
0071824cx021-13,0.21793676120385994,0.1552280934717717
0071824cx022-05,0.0526948678982961,0.570982194925137
0071824cx022-07,0.009964260206054733,0.931816488287612
0071824cx022-13,0.3259152069690115,0.08580674554998274
0071824cx022-14,0.3016392985471315,-0.052958446290391765
0071824cx022-15,0.29375363452734454,-0.03909794021510925
0071824cx023-01,0.2288852698252364,0.8680760524056436
0071824cx023-02,0.14559623868841948,0.7457897631558218
0071824cx023-04,0.21613801048126755,0.5457667154363188
0071824cx023-05,0.19798756832656372,0.6559945859406057
0071824cx023-06,0.15809823205105167,0.3988964740875493
0071824cx023-07,0.19312514815210388,0.5910991227552223
0071824cx023-08,0.3101237039908208,0.7389475775560606
0071824cx024-01,0.1591772810536347,0.7549466977277912
0071824cx024-02,0.13854216563651137,0.5840448927465874
0071824cx024-03,0.27611050313475044,1.127040383805407
0071824cx024-04,0.2432935838003266,1.1196433514831674
0071824cx024-05,0.23445037507748248,1.092564775511257
0071824cx024-07,0.14780621701457053,0.5073413960422343
0071824cx028-01,0.23783988107969256,0.5563378749712107
0071824cx028-02,0.19686355118074012,0.577621670062004
0071824cx028-03,0.27932589378875405,0.7133781512618604
0071824cx028-05,0.2507912544855947,0.5704855062992553
0071824cx028-08,0.2012190983647267,0.6816805478116847
0071824cx028-09,0.19750494337708968,0.9409172455131873
0071824cx028-10,0.4018105454767765,0.8172477802109808
0071824cx028-11,0.38303200291384526,0.7918834510319109
0071824cx031-07,0.09780272330277685,0.48514532035187735
0071824cx031-08,0.051828646866771626,0.18558960164641375
0071824cx036a-01,0.16665796256138918,0.8324085457522046
0071824cx036a-02,0.3287440816867032,1.0591795491981248
0071824cx036a-03,0.2656578897172889,1.0593415521208411
0071824cx036a-04,0.30671769814917893,1.0796872923258352
0071824cx036a-05,0.1409074720066647,1.0185843728562844
0071824cx036a-06,0.011449500656140359,0.8139845352021614
0071824cx036a-08,0.20840188878455218,1.0359752451898956
0071824cx036b-01,0.19187659693909107,0.3626069611112897
0071824cx036b-03,-0.10468005913848767,0.8533636734876907
0071824cx036b-04,0.24859393805794416,0.5416292296425467
0071824cx036b-05,0.3597069106261472,0.6007303685989294
0071824cx036b-06,0.27587927052200584,0.8832442363882822
0071824cx037-01,0.12297958046599924,0.6917908732215041
0071824cx037-02,0.21477139910927798,0.739024920417073
0071824cx037-04,0.33106375217140466,0.519364798571901
0071824cx037-05,0.3814981978680857,0.7450664583872161
0071824cx037-09,0.3104431537515741,0.8051725816421108
0071824cx037-10,0.3124342138845082,0.7841836346754422
0071824cx037-11,0.2819072690258109,0.773982794798948
0071824cx037-12,0.19700417751955668,0.7508690356860828
0071824cx037-13,0.13091408050663153,0.7113459555213906
0071824cx037-14,0.2316809377019789,0.49420765519768156
0071824cx037-15,0.20910674597460277,0.5637904565506052
0071824cx038-09,0.38585072039771906,0.6960780104947483
0071824cx038-10,0.4392945415596229,0.9223250324478621
0071824cx038-11,0.273203371108512,0.6098693454170997
0071824cx038-12,0.296447601336861,1.108228630207182
0071824cx038-13,0.3326468984914022,0.6320792393010632
0071824cx038-14,0.32039459537093556,0.641600906824912
0071824cx039-04,0.32606956572494555,0.23804776629764376
0071824cx040-01,0.2830509122399452,0.5423764397682833
0071824cx040-03,0.29134881451200134,0.46073675720441587
0071824cx040-05,-0.005933893969485641,0.8048436573921157
0071824cx040-07,0.3013616079165915,1.0372131482473161
0071824cx040-08,0.12229563916028748,0.8355674312167736
0071824cx040-09,0.15391186322197267,0.869470155928436
0071824cx040-10,0.14958126565271684,0.8265659584799996
0071824cx040-11,0.2948582867118802,0.7823959822844473
0071824cx040-12,0.30061238237023347,1.008105121380262
0071824cx040-13,0.3005886699784199,0.9939382436196165
0071824cx041-01,0.1312430768747055,0.7405367258115344
0071824cx041-02,0.1632787839871925,0.7333775688723699
0071824cx042-01,0.15240248865493566,0.38197913738665323
0071824cx042-02,0.22380877758847775,0.805896560560342
0071824cx042-03,0.22455848029834138,0.9378608960717477
0071824cx042-06,-0.07647560882888088,0.7181199761548209
0071824cx042-07,-0.04752996769598965,0.6967989899620178
0071824cx042-08,0.32708307141093756,-0.114390206703501
0071824cx042-09,0.3083265443070614,-0.12027645535375411
0071824cx042-10,-0.05982692167338274,0.7214548540418972
0071824cx042-11,0.2235716508551284,0.893915846865642
0071824cx042-13,0.11755250633993275,0.310663473672323
0071824cx043a-01,0.26927021009309504,0.9422161424707113
0071824cx043a-03,0.26662233784300005,1.0017522868410969
0071824cx043a-11,-0.030850240044959266,0.7040379040304027
0071824cx045-01,0.23190680399645944,0.6363864235083937
0071824cx045-02,0.27727618481089145,0.6238275784008381
0071824cx045-03,0.2379683410339387,0.6096124533446686
0071824cx045-04,0.28760003046390464,1.1185019214355805
0071824cx045-10,0.3711591290571819,0.6884885472464989
0071824cx045-11,0.35378461356827134,0.716243880130962
0071824cx045-12,0.29619925407351033,0.5297855033979039
0071824cx046-02,0.19208444579587677,0.8477730228311279
0071824cx046-05,0.3928320017831561,1.0480137349051208
0071824cx049b-02,0.11092753411201833,1.0540181899408056
0071824cx049b-06,0.384963123505538,0.7611386435494023
0071824cx049b-08,0.24208889843096315,0.5045155195295045
0071824cx050-01,0.2891821812245538,0.17739325421414917
0071824cx050-06,0.24090432926746344,0.4258093304984372
0071824cx056-01,0.3208112926701839,0.8829819160696459
0071824cx056-02,0.31278451271984586,0.8700706337490022
0071824cx056-04,0.22947627691026465,0.34220443283536106
0071824cx056-05,0.1426239025603128,0.2923186952093345
0071824cx056-06,0.14529106663831873,0.27768025328818025
0071824cx056-07,0.08230945400895665,0.16809597284227956
0071824cx056-08,0.1621030300963924,0.2565271684622331
0071824cx057-03,0.056649624271742624,0.14494003567562402
0071824cx057-04,0.39349803990249926,0.8041188047461897
0071824cx057-09,0.17953558370738826,0.7386193109827349
0071824cx057-10,0.18759190345454071,0.9856711446384214
0071824cx057-11,0.1715203379649312,0.9991270952674154
0071824cx060-01,0.10907063305673378,0.6239425915173076
0071824cx060-04,0.0969596100182205,0.16832105398523237
0071824cx060-05,0.1308581349176293,0.8497629614891414
0071824cx060-06,0.2531925316505044,0.302567898902156
0071824cx060-07,0.06089179681894766,0.17393910413402036
0071824cx063-02,0.36953162587688865,1.1580197828428285
0071824cx063-06,0.25943655913303465,0.7815884401918509
0071824cx063-08,-0.01631035633609645,0.778090804478485
0071824cx063-09,0.3369692583276553,0.8438405996035788
0071824cx063-10,-0.0323662832328919,0.7737346915727696
0071824cx064-10,0.24612219042786526,0.6529901284993236
0071824cx064-11,0.2537057580044954,0.6663289010914412
0071824cx064-14,-0.047753493525813186,0.7598167293084569
0071824cx065-02,0.12465456167592197,0.026535956853960527
0071824cx065-03,0.35495382099363054,0.02982908602863157
0071824cx065-05,0.35362092859302013,-0.061833715276845724
0071824cx065-06,0.0922678157815753,0.06049422140513409
0071824cx065-07,0.2869336006653328,1.048571622976758
0071824cx065-08,0.22847397244138135,1.1070926843367892
0071824cx065-09,0.25813638316027177,0.2009923838158481
0071824cx065-10,0.10315680952701048,0.04876534312089257
0071824cx065-11,0.13946213222541282,0.017334441501536863
0071824cx065-12,0.11049014758134962,0.029978548181813967
0071824cx066-08,0.35528705648158293,0.8588040680743275
0071824cx066-12,0.29259945205906934,0.10724266225906749
0071824cx066-13,0.35752153446813945,0.8412096772747036
0071824cx066-14,0.2671966560330405,0.7512662038320266
0071824cx066-15,-0.0035562316353637993,0.7480478968220949
0071824cx066-16,-0.0062118424706149806,0.7172145752812406
0071824cx067-01,0.15841380816598302,0.2188878853008542
0071824cx067-02,-0.012387269966613062,0.6562440489087427
0071824cx067-03,0.4213381108565885,0.9977814143481696
0071824cx067-04,0.1715183596610914,0.5109023424504967
0071824cx067-05,0.09856582293306376,1.039955880992506
0071824cx068-01,0.2755562017422479,0.4997095741696821
0071824cx068-09,0.2887007281166943,0.06955941633907844
0071824cx068-10,0.3203095781063435,0.9419221284454768
0071824cx068-11,0.1781091645914012,0.9456477490218446
0071824cx068-12,0.2809921774239755,0.9899523296724371
0071824cx068-13,0.2703939235504781,0.9276537240177929
0071824cx068-16,0.80285614721932,0.2620711773259361
0071824cx070-02,0.31054952941007163,1.102891033188651
0071824cx070-03,-0.0848943069643077,0.6957131228491753
0071824cx070-04,0.45235461867825505,1.0346427553066544
0071824cx070-08,-0.036850337755220425,0.6502634142076698
0071824cx070-09,0.15895628503598633,0.19724946756227235
0071824cx070-10,0.29582692594675547,0.19134766691872046
0071824cx070-11,-0.02843000812041265,0.7480314689639379
0071824cx070-12,-0.012763847886620803,0.691829203683026
0071824cx070-13,-0.0016698401955444015,0.6718624061760848
0071824cx071-03,0.2611437831175613,0.37658907115262497
0071824cx071-04,0.1160277749319057,0.22923654005398694
0071824cx071-05,0.3054153101504899,0.5664839069534532
0071824cx071-07,0.26594821336784846,0.3619738127690866
0071824cx071-09,0.11574357484303131,0.24410325732599886
0071824cx071-10,0.23266236990431133,0.373790851255086
0071824cx072-01,0.13095283313639375,0.11709535214873283
0071824cx072-02,0.17721047890384894,-0.034355966934952235
0071824cx072-04,-0.03442795431809809,0.4750292319449007
0071824cx072-07,0.10888268322122398,0.8217805264413299
0071824cx072-08,0.10444626987051826,0.8032487476861161
0071824cx072-10,0.2004287317278408,1.1266861996427509
0071824cx081-01,0.2616600442220882,0.16767782744129445
0071824cx081-02,0.3081606381285409,1.06209305356514
0071824cx081-05,0.29233242809028265,0.5848056686001679
0071824cx081-06,-0.06333151214757496,0.695304172153872
0071824cx081-08,0.2911375274541867,0.6655702805326876
0071824cx081-10,0.2182272827221283,0.6259952672656329
0071824cx083-15,-0.07340775037448408,0.7501409137478379
0071824cx084-08,0.2451155084319377,-0.02988523890878492
0071824cx084-09,0.261405580093515,-0.07708986540676498
0071824cx084-10,0.33396725362485524,0.15079093180299485
0071824cx092-04,0.18239202332831878,0.7918763316613414
0071824cx092-05,0.0385511453888548,0.6894514645957728
0071824cx092-06,0.0785387758050382,0.6968590361512247
0071824cx093-03,0.25424630489444705,0.8743384778497906
0071824cx096b-01,0.20083663702777513,0.20294469636834953
0071824cx096b-04,0.05901806660371104,0.4368226101248295
0071824cx096b-05,0.04405713963931291,0.4289163472988282
0071824cx098-02,0.25011630660153716,1.0671181675867323
0071824cx098-03,0.2402508016506898,0.29230974180220554
0071824cx098-06,0.22201896119365952,0.9218889400051288
0071824cx098-08,0.11441064630557397,0.679179917974464
0071824cx098-11,0.4256100457649768,0.9847311902231851
0071824cx101-07,-0.027231005670600644,0.6690460238037407
0071824cx101-09,0.12257621946320583,0.6304923835264037
0071824cx101-10,0.13226117205059998,0.4036006648038766
0071824cx101-11,0.19923255077490645,1.0205613977174708
0071824cx106-03,0.3869552873994997,0.041630424377278145
0071824cx106-04,0.30990161405064237,-0.10021902369520712
0071824cx106-06,0.2124091598093489,-0.012012010828369371
0071824cx106-07,0.21950293877263852,-0.0921634298263736
0071824cx109a-06,0.2501503377608001,0.3378549809168731
0071824cx109a-07,0.1253636066076342,0.2060401277259482
0071824cx111-02,0.14235754270934828,0.905740317699493
0071824cx111-05,0.2961254572644756,0.7301229944125255
0071824cx112-01,0.3184424844859801,-0.08087341753133187
0071824cx112-02,0.32004886766781965,-0.06142837086126251
0071824cx112-03,0.30405546288449253,0.01171566386974461
0071824cx112-04,0.3182175950995867,-0.03667341652570044
0071824cx112-05,0.28435180719015546,-0.07111315041547414
0071824cx112-06,0.16186725707277524,0.06864977563702396
0071824cx112-07,0.31389324697808113,0.12553763128198656
0071824cx112-08,0.3421428976238098,-0.03510137932126131
0071824cx112-10,0.13495070457894884,0.07121597017425636
0071824cx112-11,0.18353905047374997,0.009302577092462575
0071824cx114-01,0.3294311865593004,0.8991250190454676
0071824cx114-02,0.2750649049661645,0.850549057502926
0071824cx114-03,0.22278410083061878,0.8400126352069479
0071824cx114-04,-0.022979287709763752,0.8337033757351533
0071824cx114-05,0.012693182178057618,0.834424523324314
0071824cx114-06,0.005164924878672037,0.8508840600171815
0071824cx125-01,0.11032189019026621,0.47676999789241326
0071824cx126-01,0.11981895408220308,0.9379287634470577
0071824cx126-02,0.10463646720348764,0.8753648918228732
0071824cx126-05,0.1606185414322573,0.08682275247347192
0071824cx126-06,0.11556233248323243,0.793268197211968
0071824cx126-07,0.3706752091889638,0.7205251899303902
0071824cx126-08,0.16478018833649788,0.7114999905030593
0071824cx126-09,0.11756420009433699,0.7702118515786375
0071824cx126-10,-0.017741843325876448,0.35622935842988895
0071824cx126-11,0.1263551188720212,1.047176214240307
0071824cx127-06,0.20574514365040525,0.06950255622629989
0071824cx127-07,0.2156627641425324,0.012627314485881372
0071824cx127-08,0.21342244946375333,0.02884784177505119
0071824cxambulantesb-05,0.2764719224534362,0.3458352079399184
0071824cxavulsos2-03,0.3257861523824948,0.005103993113990651
0071824cxavulsos2-04,0.33521899101004804,-0.008056876454495461
0071824cxjulioferrez2-01,0.17667839666788976,0.2899087688490344
0071824cxminas3-07,0.1941303969930142,0.32130492610895817
0071824cxpintcand-01,-0.006714263920555526,0.39204223409434036
0071824cxpintcand-03,0.2641565335320786,0.3126802310811737
0071824cxpintcand-04,0.028596129411643606,0.34212697166709893
0071824cxrio1-09,0.13074287447459826,1.028533053074996
0071824cxrio2-02_2,0.32360640081628217,0.6083347274568334
0071824cxrio2-03,0.17412743448332202,0.7720199912190197
0071824cxrio2-04,0.2792501838688438,0.973032435643702
0071824cxrio2-05,0.02186752959754577,0.6152821212938677
0071824cxrio2-06,0.2566614912608158,0.03810292930478031
0071824cxrio2-07,0.2405099016716506,1.0309224531039751
0071824cxrio2-08,0.015022034384272994,0.7135339078190829
0071824cxrio2-09,-0.05495883839413625,0.81015430833702
0071824cxrio2-10,0.17852809405879652,0.8849208370119117
0071824cxrio2-11,0.30368467579825675,0.07768945414101633
0071824cxrio2-12,0.22995378650660034,0.9631553541624713
0071824cxrio2-13,0.16619573835526974,0.413509911952937
0071824cxrio3-01,0.3821980882456732,1.1166354936690794
0071824cxrio3-02,0.36521374589196115,1.1724161362183416
0071824cxrio3-04,0.2850438468230966,1.0669146391737325
0071824cxrio3-05,0.31398831941686534,0.054851106328522
0071824cxrio3-07,0.17742956599013116,0.6001743046161772
0071824cxrio3-09,0.1570563706414668,0.47509573128822724
0071824cxrio4-05,0.33820930421356993,0.22741240878600405
0071824cxsn1-04,0.19663792910036332,-0.005937406466683087
0071824cxsn1-10,0.2037957615113248,-0.07768469250652384
0071824cxsn1-12,0.2172525240299271,-0.027989895715695982
0071824cxsn2-01,-0.007018246404524755,0.19096513057975348
0071824cxsn2-02,0.25274107396187484,0.23411126068321048
0071824cxsn2-03,0.02100683905890106,0.8690900174922019
0071824cxsn2-04,0.3326228179825304,0.9490539095235044
0071824cxsn2-06,0.0009820041155991846,0.16054836481584359
0071824cxsn2-08,0.04177635841318785,0.4504835828995611
0071824cxsn2-09,-0.0034152275704776597,0.17596048609783288
0071824cxsn2-10,0.2614478424709705,0.5106395799635985
0071824cxsn2-13,0.007993971597906274,0.7348026975071924
0071824cxvarios1-01,-0.00931853759219367,0.8428980889849196
0071824cxvarios1-02,0.09252933669996381,0.8335872649841939
0071824cxvarios1-03,0.08576080247066029,0.8171732755045745
0071824cxvarios1-04,0.08754964788965265,0.8503552720697912
0071824cxvarios1-05,0.07210428919529986,0.8141669931545025
0071824cxvarios1-06,0.25911775967349177,0.8563915535188285
0072430cx003a-03,0.18999714416986355,0.9633276747617655
0072430cx003b-01,0.2528064491705438,0.832928250058226
0072430cx003b-02,0.19389595119992428,0.8237057968980575
0072430cx003b-03,0.15771311432550258,0.3460380789634972
0072430cx003b-04,0.22458189722410032,0.7697522040939357
0072430cx003b-05,0.18863480648336672,0.03991581017238116
0072430cx003b-06,0.21191610319534565,0.8230683834357366
0072430cx003b-07,0.20378209996511742,0.7709022666787714
0072430cx003b-08,0.237670383622002,0.8262342128467082
0072430cx003b-09,0.15890026927328813,0.7940695945820426
0072430cx003b-10,0.19166733455066715,0.30623882741899994
0072430cx003b-11,0.16645729154643718,0.3631912129907933
0072430cx004-01,0.048306707041000624,0.7782835530124199
0072430cx004-02,0.03969495909352945,0.815784790093232
0072430cx004-03,0.04966740845605136,0.8331998142268002
0072430cx006-01,0.4146389835372529,0.9580847456278773
0072430cx006-03,0.17151874747200194,0.5399075552988463
0072430cx006-04,0.3717860892654076,0.6310450462080804
0072430cx006-05,0.42588902507726034,0.8978116204899509
0072430cx006-12,0.3195493564537119,0.6673881659182076
0072430cx007-02,0.22782021414053627,0.7036117358923915
0072430cx007-03,0.10061961199478192,0.1068768600512733
0072430cx007-05,0.3427013278605163,0.07503465770327962
0072430cx007-07,0.2344062038966366,0.7837526283313635
0072430cx007-10,0.2120980315861129,0.7068730682613261
0072430cx007-11,0.22392135178540448,0.6835293992275234
0072430cx007-13,0.2702047217409449,0.5637869836074415
0072430cx009-01,0.2352189088924485,0.9927658785246483
0072430cx009-02,0.21701923153495375,0.9796607204844263
0072430cx009-03,0.36220643927072543,0.6419543999696895
0072430cx009-04,0.18836382944102628,0.4203597855189624
0072430cx009-05,0.2678979779569807,0.9034214926550566
0072430cx009-06,0.25286842032358714,0.1171958184221529
0072430cx009-07,0.311824921261876,0.833241784538321
0072430cx009-08,0.22751462253107366,0.04198704973616326
0072430cx009-09,0.2426485294305915,0.8995848421896118
0072430cx010-03,0.021694515559488488,0.9492973050860992
0072430cx010-05,0.13755491883022902,0.4674142726017601
0072430cx010-06,0.12280116141277317,0.4694093978472845
0072430cx011-01,0.20738970646631377,1.105473828275515
0072430cx011-04,0.24638953744231834,0.6909616953591333
0072430cx011-05,0.18712459320107164,0.5506002998880415
0072430cx011-06,0.2547269207288464,0.6310481934685551
0072430cx022-16,0.28080649672063795,0.027583979628611543
0072430cx023-04,-0.06081589935366575,0.672513378659071
0072430cx023-06,0.04622986364823982,0.7055220881202418
0072430cx023-07,0.06452229725898516,0.697084519200345
0072430cx025-02,0.25703304791896997,-0.019869871795676772
0072430cx027-01,0.16492856770923142,-0.06940888958219807
0072430cx027-04,0.18302355639064585,0.6487267731275865
0072430cx027-05,0.2558823913784514,0.10080080606287767
0072430cx027-06,0.151667607624174,-0.07646943862193359
0072430cx027-07,0.1142512938836213,0.2622753308889803
0072430cx027-08,0.049296744801752244,0.2530961475319389
0072430cx027-09,0.1964511392718598,0.23380275169904746
0072430cx027-10,0.05458935863663623,0.26682947400766177
0072430cx027-11,0.06048897383374914,0.279917653966409
0072430cx027-12,0.06678176583841437,0.29293470205079514
0072430cx028-01,0.01163132499819776,0.6265694566672878
0072430cx028-02,0.2641925738388418,0.08647187614561101
0072430cx028-03,0.27406884542227705,0.0556428172385067
0072430cx029-06,0.05458902741922412,0.05348849721412113
0072430cx029-09,0.09754167276219854,0.21157348251574565
0072430cx030-01,0.10299693292434957,0.5455733568335654
0072430cx030-04,0.046173562829602485,0.9330909722916358
0072430cx031-05,0.10635784637296249,0.36145769565486224
0072430cx031-07,0.331608593216978,0.5044480632085208
0072430cx031-08,0.09654597178652131,0.37520548141148496
0072430cx031-11,0.8096353871625335,0.2404650897927063
0072430cx031-13,0.8225374240082629,0.2540781654033501
0072430cx032b-06,0.009561253278256377,0.5955316896414069
0072430cx032b-07,0.09672669410578105,0.6158245003887922
0072430cx033b-01,0.2501941841960182,-0.06308361037041209
0072430cx033b-02,0.13090369643468064,0.17492625810711995
0072430cx036-02,0.34752273158432806,0.9574686433975227
0072430cx036-10,0.40392363541419996,1.0665541971969597
0072430cx037-06,0.3024208096389899,-0.010453926637389341
0072430cx040-01,0.15355265732909243,1.1073456584523709
0072430cx040-02,0.4167340641168233,1.1060081689710306
0072430cx040-03,0.13327861873961777,0.15880090299925723
0072430cx040-05,0.04539912291718576,0.51334490539506
0072430cx040-06,0.19113811873693612,1.0997884105258104
0072430cx040-07,0.24536147919970178,0.7268681187296224
0072430cx040-08,0.4310850922852991,1.0980271450913006
0072430cx041-01,0.08041684665000856,0.8998000340690223
0072430cx043-02,0.33327507475505097,0.03712387576910203
0072430cx043-03,0.0786138381673348,0.015991361392607678
0072430cx043-05,0.431945082925716,1.0836591454775464
0072430cx043-06,0.3891331747749598,0.8515389413670469
0072430cx043-07,0.1613798519071809,0.9571813777907731
0072430cx043-08,0.16480689779882954,0.9296698522808042
0072430cx043-09,0.30497087709820553,0.97467280769869
0072430cx044a-01,0.0053516324443261005,0.32836309130914376
0072430cx044a-04,0.056401464959412236,0.35123984946856096
0072430cx044a-05,-0.013481497687192347,0.2941837334064032
0072430cx044a-07,0.17834616979017281,0.38231889186614704
0072430cx044a-08,-0.013046914655484743,0.3417583434899385
0072430cx044a-09,-0.015128931496500533,0.32589482780393103
0072430cx044b-02,0.042791099948017636,0.799436004720708
0072430cx044b-03,0.06933970118147986,0.765052741481157
0072430cx044b-04,0.1299972027849174,0.8683916111664595
0072430cx044b-05,0.05218466791308165,0.8555382358143485
0072430cx044b-10,0.14161170796098196,0.9395387198507587
0072430cx045a-04,0.3141834922381825,0.5954128718514344
0072430cx045a-05,0.16002276254186928,1.0872733638044354
0072430cx045a-06,0.41709474267257246,0.8194733826186783
0072430cx045a-07,0.1447565522055979,0.9772144631453222
0072430cx046-01,0.1715934228803387,1.1073141418786498
0072430cx046-02,0.30317102296748877,0.6448776138743922
0072430cx046-03,0.02890314889621361,0.5131462429576675
0072430cx046-06,0.1905091926951861,0.513259479652739
0072430cx046-08,0.19454954559354623,1.079150104101748
0072430cx046-09,0.3376903242455045,0.7062366131574972
0072430cx046-10,0.3175832693627136,0.5789646782314
0072430cx046-11,0.29220638771101315,0.6811221367843575
0072430cx046-12,0.3760495514376874,0.8325586239602979
0072430cx046-13,0.20055217067229208,0.7197304744496091
0072430cx046-15,0.2604402735975536,0.5916371882526811
0072430cx046-16,0.2808140508171962,0.6399654494048658
0072430cx047-02,0.08322457268831933,0.10444182117277988
0072430cx047-03,0.06778892164135665,0.10284062765746994
0072430cx047-04,0.7759496244101393,0.21050556243861251
0072430cx047-07,0.23312491425238607,0.755773641127411
0072430cx050-04,0.292121862098738,0.9043663211051396
0072430cx050-05,0.4386948805659024,1.0706629289771887
0072430cx050-06,0.37676035482496545,0.9407251832255333
0072430cx053-02,0.2215184930960778,0.31629965637885066
0072430cx053-06,0.346410237963983,0.10737952141576187
0072430cx055-04,0.10434130944230025,1.0189782664102194
0072430cx055-05,0.4212056932363247,1.0106662632235546
0072430cx055-06,0.14017715533225847,0.5688072757124377
0072430cx055-07,0.17957089588352962,0.8587918539978114
0072430cx055-08,-0.023929095419295377,0.7281581577893896
0072430cx055-10,0.40915755290650174,0.9785634023962749
0072430cx055-11,0.25926400077608086,1.0258935962287523
0072430cx056a-01,0.1369555433440343,-0.019833735655583024
0072430cx056a-02,0.12307432262361782,-0.026305433845942007
0072430cx056a-04,0.3550779075910166,0.047715387767265194
0072430cx056a-07,0.13570678185770937,-0.004301738143529556
0072430cx056a-08,0.08431048412657884,-0.012475608994936521
0072430cx056a-11,0.06446359771455015,0.039631925509097485
0072430cx056a-12,0.08844209470182106,0.002131695798982329
0072430cx056b-01,0.30714611457924207,0.250453195200198
0072430cx056b-02,0.2333669704552263,0.08838667731971503
0072430cx056b-04,0.3036058164479388,0.2662846369809829
0072430cx058-02,0.28215235096455354,-0.024906645738843294
0072430cx058-03,0.7895156603191291,0.21407243647162297
0072430cx058-04,0.013211268083503322,0.6845873705893032
0072430cx058-05,0.20006806353540307,0.38374489177122423
0072430cx058-06,0.3178887216940314,0.30755396170283733
0072430cx058-07,0.5028518921156779,0.24189041910109899
0072430cx058-08,0.25654770029400764,0.8098584717834774
0072430cx058-09,0.35964679746068307,0.20654254871390873
0072430cx058-10,0.21744187301630935,0.26378349277313073
0072430cx058-11,0.2299280850031433,0.14541417893807937
0072430cx058-12,0.2355637297064087,0.24012993702118346
0072430cx058-13,0.1251691284843464,0.904810696719935
0072430cx058-14,0.33175373765404487,0.29868235626321316
0072430cx061-03,0.23203352277548067,0.5810171566090483
0072430cx063-04,0.3237057753615599,0.7039651806847967
0072430cx066-01,0.09921108787348033,0.9414903614608814
0072430cx066-03,0.09743389538571856,0.9609070931655002
0072430cx066-04,0.20256447224086874,0.7952299420674691
0072430cx066-07,0.38105643137903594,0.8840579873654887
0072430cx066-08,0.02438197107005905,0.43126562515710154
0072430cx066-09,0.30614672496186596,0.936747382840804
0072430cx066-10,0.3632553340456823,0.9301718134150815
0072430cx066-11,0.08027548372640993,0.9638428596412226
0072430cx066-12,0.08772469450512511,0.9802336049600553
0072430cx066-13,-0.024959787083207497,0.38124645226425313
0072430cx067-01,0.03882868688880677,0.7421733719381614
0072430cx067-04,0.05519528906203212,0.36994520768464084
0072430cx067-05,0.022963693125235485,0.7588007288923663
0072430cx068-02,0.33206249228297213,0.5340801609253059
0072430cx068-03,0.22266591246840103,0.45876325845232563
0072430cx068-05,0.22710257111734583,0.4728721931897448
0072430cx068-08,0.24275436639204337,0.4502327523282218
0072430cx069-06,0.18372796411134695,0.44971708290929685
0072430cx069-07,0.1103271117429624,0.4263867571089991
0072430cx069-08,0.14782242833366133,0.31235068700812396
0072430cx069-10,0.21047606108243896,0.3969494487056259
0072430cx097-05,0.3080999510520146,-0.13698885593899246
0072430cx097-06,0.2611885306175394,0.2198668254071937
0072430cx097-09,0.24071872610105166,0.20815221750206772
0072430cx097-10,0.32605404122014814,0.13668297908415222
0072430cx097-11,0.22713488068259857,-0.0779457216519357
0072430cx097-12,0.14003462563927443,0.8056394827054074
0072430cx098-08,0.1510239389101452,0.02703990047838105
0072430cx098-09,0.2783116056290377,0.8133668136705186
0072430cxabastagua2-11,0.07531966394006168,0.7452944490613981
0072430cxabastagua2-12,0.3578399763833479,-0.023303255655056036
013RJ001004,0.602749007063979,0.6453496461695202
013RJ001005,0.6346116267791794,0.40835345967185327
013RJ001009,0.6654970033796926,0.434126197648932
013RJ002001,0.6518289997467538,0.6783139529003934
013RJ009013,0.8507024078136188,1.0093454116414318
013RJ012009,0.5403083356920617,0.9001816849752508
014AM001006,0.4638440312314815,0.536689388374117
014AM001009,0.45254708328750776,0.8022678065745666
014AM001010,0.4255089725668817,0.7752051068483081
014AM001011,0.5422976875546269,0.8043674703576479
014AM001012,0.617827076131127,0.6076093831421229
014AM001013,0.45536420343684797,0.35435418744814623
014AM001014,0.526219623510955,0.27521921531304705
014AM002002,0.4830274966425451,0.5827120593433618
014AM002003,0.4124562213298232,0.05905777060754134
014AM002004,0.5615389987544446,-0.09070642583206431
014AM002005,0.531414419835614,0.5920848979503326
014AM002006,0.5070826450666537,0.6102451843572573
014AM002007,0.5059822706823818,0.6428216613490683
014AM002008,0.5551775493965941,0.33697332293690196
014AM002011,0.5748728179267734,0.3627530135398719
014AM002012,0.57099355968834,0.2347281035410045
014AM002013,0.4816761434746451,0.9139568539553489
014AM002015,0.6348172404182512,0.6912607436934672
014AM002016,0.45276329134783566,0.5066025965652091
014AM002017,0.46215711728101877,0.628374118227397
014AM002019,0.5858956407327696,0.31443392943274434
014AM003001,0.6674123463063671,0.5291634739094848
014AM003005,0.5111651106148748,0.4896775137143215
014AM003006,0.5051345390288523,-0.042146578278332326
014AM003007,0.5751917005805371,0.20387253439389316
014AM003008,0.43123219135044066,0.14219114284655485
014AM003009,0.5359278285638494,0.7345669692152367
014AM003010,0.5774911498968944,0.9235956226615667
014AM003012,0.667493825067831,0.7683084067863445
014AM003017,0.9195834413624137,0.47389665519645735
014AM003018,0.37835483457788255,0.1533912027388905
014AM003019,0.9102320952656839,0.4873396738023482
014AM003020,0.9374103259956497,0.4242429104380881
014AM004003,0.5645886450263233,0.8188646690016805
014AM005001,0.5827642205702884,0.29003659206978716
014AM005002,0.4900318534317002,0.872344419225672
014AM005003,0.4255305711265109,0.5879474416923451
014AM005004,0.5388154550966346,0.6201716483837281
014AM005005,0.4931868584119894,0.7821140444660735
014AM005006,0.544971746739161,0.7874724719503102
014AM005007,0.4765969156676689,0.7761691403936651
014AM005008,0.48188862640901375,0.6809627323444856
014AM005009,0.5309393965481545,0.7778686068274459
014AM005011,0.3523400562236989,0.3096041585536201
014AM005012,0.5053483557649092,0.7584017330996226
014AM005013,0.5008789164868811,0.7987683866606046
014AM005014,0.5150740185228857,0.31597404221980274
014AM005015,0.479179302960507,0.6407403359098882
014AM005016,0.4773192529773913,0.6640468335908537
014AM005017,0.5066571918639073,0.8866561932968681
014AM005018,0.5091809015175373,0.7098213829726167
014AM005019,0.4320068559700025,0.6254994733532246
014AM005020,0.35591297225299895,0.7681962711941954
014AM005021,0.4497960713764806,0.6132222257124593
014AM005022,0.507745976697253,0.569777028834361
014AM005023,0.4569484008740308,0.6714258326227466
014AM005024,0.5883086530806583,0.5317028776927581
014AM005025,0.48713412350318613,0.053483871842830016
014AM005026,0.547898670068137,0.764056999201733
014AM005027,0.5234299791245034,0.7604934562747552
014AM005028,0.556495804431945,0.2670551889492463
014AM005029,0.5107569316546979,0.7255841151986252
014AM005030,0.4791803809685354,0.8585874061582431
014AM005031,0.4535523708925733,0.5683758688583603
014AM005032,0.4423520959396993,0.6490296059943885
014AM005033,0.4698654709064639,0.7491306084866853
014AM005034,0.5409440891675913,0.6367517819233478
014AM006001,0.5486036548981232,0.19366106362913924
014AM006002,0.4484130523168703,0.0439385958578412
014AM006003,0.5320113295048413,0.18904149332926545
014AM006004,0.6198847298907884,0.5532998674570009
014AM006005,0.5808871728703776,0.9062166782814245
014AM006006,0.5731834857654039,0.7236451758721545
014AM006007,0.5261265132111578,0.5751280393554836
014AM006008,0.5890568136744077,0.7182976304020291
014AM006009,0.3502851573285702,1.0042363343574015
014AM006010,0.5010852256803651,0.18895465332052727
014AM006011,0.671743507602705,0.8835930497543466
014AM007001,0.6100688932589562,0.19377128898655158
014AM007005,0.5875297841017716,0.18841225839962858
014AM008001,0.3966187577328492,0.5888258431745523
014AM008002,0.6710656909088654,0.6520516743625699
014AM008003,0.6156586600490506,0.7687808408614435
014AM010001,0.4724255938499981,-0.06860796846562879
014AM010002,0.6268206247050555,0.12116016398050303
014AM010003,0.47820330233650843,-0.10272689478845717
014AM010004,0.5387392906872972,0.29285891779054823
014AM010005,0.47590048670372703,0.6139006627784245
014AM010007,0.44504898583212793,-0.0463978178051437
014AM010008,0.6522557185950588,0.16197956735936297
014AM010009,0.6019227888124012,0.3236625234441634
014AM010011,0.6305698455855612,0.10597658811802373
014AM010012,0.484130840459907,0.538080817112186
014AM010013,0.46235582850311785,-0.008931371888528173
014AM010014,0.4564108060616246,-0.08142108445505879
014AM010015,0.4406731280120681,0.5976313274995765
014AM010016,0.6184252200233714,0.15419055404562895
014AM010017,0.5392246560234274,0.22231179164550213
014AM010018,0.4612037069446927,0.1856972058012115
014AM010019,0.4559256417936437,-0.05869404322169751
014AM010020,0.6207641306169032,0.1351130581347938
014AM010021,0.6491921990927807,0.1048579164538464
014AM010022,0.2924100629537564,0.35833713178604654
014AM012001,0.40281432597437206,0.0405475334988912
014AM012002,0.5095932140336702,0.8156068683818082
014AM012004,0.5401210803896981,0.7021936931908326
014AM012005,0.5214220981225661,-0.00005029901252777381
014AM012006,0.521381080586492,0.02608958942612491
014AM012007,0.48735805337014426,-0.011080461108517138
014AM012008,0.5209939061626878,0.2156834867353188
014AM012010,0.5595061141469257,0.018059709350721983
014AM012011,0.4227167370948971,-0.03106561505971867
014AM012012,0.48263995059389764,0.011162596793549265
014AM012013,0.48447543253606146,0.8213964198006776
014AM012014,0.39965380435781356,-0.04016647606007991
014AM012015,0.47574179279333917,-0.03534417998956963
014AM012016,0.6183291914464756,0.01994280667148376
014AM012017,0.5683459566322325,0.2533395015643351
014AM012018,0.4369089876544557,0.056680264017592186
014AM012019,0.5698624955767664,0.303345973099906
014AM012020,0.5476395458545893,0.6636833889572996
014AM012022,0.5335197946794216,0.37057097359568986
014AM012023,0.6502389782818169,0.4267302361207815
014AM012024,0.6035959166002144,-0.05768449797363901
014AM012025,0.43635264391463324,-0.0718133275589695
014AM012026,0.5972570368774591,0.05743637026707063
014AM012027,0.4560482453286238,0.13826961853197492
014AM012028,0.41043448823049195,0.6815949268990329
014AM012029,0.4412108493712654,0.7198320052842925
014AM012030,0.5079280622605061,-0.08017480826426843
014AM012031,0.5284890628600164,-0.07279724414877173
014AM012032,0.6388198436744913,0.20194102597753535
014AM012033,0.6189189142584602,0.17526661815333203
014AM012034,0.4053121322513655,0.19643340548052182
014AM012035,0.5284000282786397,-0.03690217968894682
014AM012036,0.5171459070739889,0.42793737505107277
014AM012037,0.41031950891499425,0.17132797399475777
014AM012038,0.47809807841769686,0.19638741757408448
014AM012039,0.5833136648165724,0.33823093917736163
014AM012040,0.5386964465650935,0.3272276356061406
014AM012041,0.47073631360438406,0.040149192220308584
014AM012042,0.3773115727372603,0.38395670573673735
014AM012043,0.47126303868350067,0.4051012842427659
014AM012044,0.6366301249330361,0.15652394874901454
014AM012045,0.4649822503968035,0.020787752340310647
014AM012046,0.6378145921573248,0.08102333219828363
014AM012047,0.4896106519652504,-0.057218965104680476
014AM012048,0.4891475218446809,0.603419784894557
014AM012049,0.45276241200043554,0.42919353731066107
014AM012050,0.4172488764658575,0.3413148725452083
014AM012051,0.4998628202417399,0.22075696210579876
014AM012052,0.2654943042752967,-0.09421009583937619
014AM012053,0.46441015260974,0.44212978488222154
014AM012054,0.3799791852852038,0.2355146815773822
014AM012055,0.5237594158045088,0.692330966466538
014AM012056,0.5500933781262014,0.3913153348892482
014AM012057,0.526825855358989,0.5354755593067493
014AM012058,0.8080460947092223,0.6698724410400767
014AM012059,0.5668735525498492,0.14255037961086864
014AM012060,0.453115851448457,0.08719940969460001
014AM012061,0.4663104633944881,0.25198218064783445
014AM012062,0.6052570275064155,0.7302875649475283
014AM012063,0.4087149383149062,0.1533584549752548
014AM012064,0.3913377073181294,0.14187229717701702
014AM012065,0.5991072690794801,0.1477391969244787
014AM012066,0.4474367521866894,-0.024650904317528952
014AM012067,0.4437484717490166,0.70395293727255
014AM012068,0.4503251995231627,0.22050048089954688
014AM012069,0.5731624565561669,0.12423504608437742
014AM012070,0.5092388822825862,-0.010482352760727075
014AM012071,0.6610827702290311,0.25491698240606014
014AM012072,0.6484758515016905,0.2174976746422171
014AM012073,0.5335772819276978,0.6733505401473805
014AM012074,0.3772905663747043,0.08374204428150074
014AM012075,0.46921823672289437,0.3904354401135376
014AM012076,0.5480869021224978,0.414110102545906
014AM014001,0.4810843125608157,0.2314984688309507
014AM014002,0.4747055511313143,0.7085009673389371
014AM015001,0.464089064695834,1.1451289301057894
014AM015004,0.41180406207140247,0.42184755956781134
014AM015009,0.8174378022468322,0.6473387353111357
014AM015010,0.416526517976348,1.1294987307222506
014AM015012,0.5977885155599872,0.11597579932464928
014AM017001,0.6095202514503023,0.21611501710193373
014AM017002,0.4648717098322545,0.07468380498451443
014AM017003,0.48070059350648825,0.1675747589591963
014AM017004,0.40077078712514885,0.3441991274936341
014AM017005,0.6565525854139409,0.8209564118788958
014AM017006,0.23088879484809033,0.40334031833930967
014AM018001,0.6515712356871027,0.9616207041618131
014AM018002,0.6228999393693077,0.6772893954872617
014AM018003,0.5659680562877507,0.38191542802381784
014AM018004,0.680220363459957,0.10732212309197352
014AM019001,0.5071176347470417,0.6716433776075681
014AM019002,0.44639549035958725,0.017527493726185048
014AM019004,0.43160902043519794,0.01232647151995745
014AM019005,0.3790174317639399,0.3670556268456045
014AM019006,0.38235695252525437,0.48206126208220534
014AM019007,0.3878712820463084,0.46876229808048175
014AM019008,0.3749998693570298,0.4947676700165232
014AM019009,0.4154517627357484,0.45402775866223116
014AM019010,0.4223519189404306,0.49995400815494234
014AM019011,0.43379790456492345,0.6682593549420195
014AM019013,0.41606338002234816,0.5376699258341128
014AM019015,0.5877226174615783,0.25652636145939395